summonerId,summonerName_y,leaguePoints_y,wins_y,losses_y,win_loss_ratio_y,DimKey,ValidFrom,ValidTo,IsCurrent
UcKPstF5sPa69a4OGdJgNa77WkzMQlJgfjl-USaDPtKFtPY,Kamiloo ,1052,433,351,55.23,0,20221213,99991231,1
QJ3PBTz7-RhaNmiXIlhZakiR_H5RM1qSWZFGuQiBGIE_zHY,Don Noway,1386,509,426,54.44,1,20221213,99991231,1
IiYuseZSUBJCtZFx8diK4reYXXqeWNL0fZQlpn5P_r_RKW3Dn9iWXazKXQ,120 KG BENCH,971,598,548,52.18,2,20221213,99991231,1
_rag99cd8v38FaMygvC_rG34OkqT2u1xgXcnfE84vVE0z3o,SLY Stealbag,1035,280,252,52.63,3,20221213,99991231,1
jtzQHIONjvRXRnpNx3tYbaGXFYMDNhOgHHq6VVtnTDhPxG-r,DIA Shy Carry,1000,300,233,56.29,4,20221213,99991231,1
2OsQTH55ZmcqE0Q10X9Q592NsVD41lMepFIPPC9bH5y2-nc,AHaHaCiK,1190,822,750,52.29,5,20221213,99991231,1
6DPOp5VC1uz38Kj3KRSoosl58je-vYBIPSw5OJ2YuocUSeY,PatkicaA,1086,421,355,54.25,6,20221213,99991231,1
lVKzx3AsdKVGyRv1MTNrW6f0mEA3TniRw8ZSXMkWjSzLGwA6,Tοαst,1162,888,810,52.3,7,20221213,99991231,1
l9nQln2A7GsdgBj73T_rr9Mwojc5TLbquYlC6j6q6Y3Bgs0,Barkoon,1119,988,912,52.0,8,20221213,99991231,1
H-neVRe29C9CupwAyrrwXbsWl2_3H2gvZya9GuDezRo-ZK-FaNATlesIxw,wo taoyan suiji,1053,189,112,62.79,9,20221213,99991231,1
mNsNHy3H0ps6F3Jw-Is41EakhMPSqnoJSIp9UzOUqp9B-w_2,NapoIeon Hill,1467,411,343,54.51,10,20221213,99991231,1
rs-Nzc90w-1dnLkwNHXZWrttp0hrPAnlLAOJlpdy1oxaVZvm,TwTv iljimaeEUW,976,477,375,55.99,11,20221213,99991231,1
ijFjjpK43V-Ii9Z-DWSBFzyaj194TBddJ1XE4Ukl7mu9I0oF4FEvlDKAhw,Noa Ehn,1253,178,111,61.59,12,20221213,99991231,1
F3Q5zx3s22_V9cszDk4a1xTS03Qm6svKIRi2RNcADkb3cJU,qweqweqweq,1054,400,341,53.98,13,20221213,99991231,1
d0NazOqQFX3hB9yo0G8re9518T2G3cXWKiiSdIg20yFjLOT77xsUez51Pw,costy,971,523,455,53.48,14,20221213,99991231,1
FMUDLQJDQDFKUhmd5OiKmObG7ZI5xYEmLDm_j5TRBopj6YM,TW Ronges1,1110,567,497,53.29,15,20221213,99991231,1
qHhGdMVg31qW5N1-8BaCnDwVVOEhCsl7qBn2A-YhqhE5mXs,Maxlore,968,1183,1129,51.17,16,20221213,99991231,1
bTvoUze_g5eozPOgyobQn8Qt9mkSk1p3K8DldyxAA-5v1TX4,zhypey,1218,150,102,59.52,17,20221213,99991231,1
FQPn1xPV4gLKhmzXiwyMzK_QDCk5bX6ts4l2fyz8gOSVxoP9RrPkqYLJew,prenda lo motore,1003,182,144,55.83,18,20221213,99991231,1
a778SxNWzJZ0FSGbRd5WB2iQNWi3xLEOs4d5-CWMGe1L3WId,asdsadasadsdas,996,116,60,65.91,19,20221213,99991231,1
NuI4uXidWbM2tJNgwVFtS53vnS5LjvG9FChISYnkWtlByS0,Hadeslol,1022,92,68,57.5,20,20221213,99991231,1
Kosjjx5bqQ6AIxv1gbW3LRQRhpkn5u49bcq_TbGstS4SVlo,Lathyrus,1131,516,454,53.2,21,20221213,99991231,1
txz53Jg86YjDjuSK5zivO2fYAnzJXNFDe0nSxgchAiztv3tWw3CliYvx1g,Fleshy2,1189,238,171,58.19,22,20221213,99991231,1
hd6ZlhW2HI6dZndQrBHqn7tv1CAgTCiYHrKsUuWDIaVSC08,DY Stend,964,739,680,52.08,23,20221213,99991231,1
Nf6l7AuiBTnA8kki4B-Aeivr9iZpKd930gjYAvOuMjLuqTU,MartHR1,991,443,380,53.83,24,20221213,99991231,1
xA0S3CkcVfyaf-Ll8Ve0Q0PkpxOk9RN4Vox4k7KiUFHvXuZR,Iziio,1202,419,359,53.86,25,20221213,99991231,1
_M4JJxQKV7UKjt82Ilfg1Cdib7_1Rrxm5FmgmwVSmurLvhT-,Nash3,1103,211,168,55.67,26,20221213,99991231,1
RUseSmN0UP-_j7UuPCzJ0GrYFL8l5luqqYZbNQr_bEacuUDh,twtv rinanb,1080,288,217,57.03,27,20221213,99991231,1
LEhcCdsIs6LbG-pyP3XWztL1ezuvuGNfkV29b9jkSVNBTQE,Brexited gamer,1067,413,348,54.27,28,20221213,99991231,1
uRrtrvswoxtdsKvX437hPaWsI99cOJvUFxQD2MT0XMyqccg,month of rain,1015,335,272,55.19,29,20221213,99991231,1
th-frtJVSAItJV6MWra55Q_h7XnSUOvWjDqdSz2Ly22PVMA,i die lvl3,1002,430,373,53.55,30,20221213,99991231,1
2YlSUsVPoU3T_tX46nd6wvM-wNL3DSLMq_hFbqAQCEk_4DU,Ekko the Neeko,1012,1191,1137,51.16,31,20221213,99991231,1
DYsyR4m8DZm3p8kQO9sOBoV5kDFM6cKDHwbWgn0AkYn-M9LF,2022 10 01,1002,447,367,54.91,32,20221213,99991231,1
O0eJ8Wz1ESchI4gEZdmoN1MmRvbD--4c7h4xPeZgwRUKviw,Unméi,999,393,325,54.74,33,20221213,99991231,1
jJXkZjQLDfTH8n6nNZGza52sChgix_B78W0AitdSrzO65AR6,chenzelot,978,398,332,54.52,34,20221213,99991231,1
BVOU_46R0GU_QN683UQmijXx22MN6zpRrc8Y3K9RxSipv-0,Pyrkã,1045,397,338,54.01,35,20221213,99991231,1
8t6pZK6jgWZ436rXMBX853c3MKwkF6jen1txsIZ5OMnEcJlw2X3XvBK5Lg,Thats a shame,1006,254,191,57.08,36,20221213,99991231,1
U4esJ4DlLcFLI24TqBS24e6vNAozYYTFUXdO-_7ypkkNNKMGbXSDSgOXjA,Twitter Enemy,1150,318,242,56.79,37,20221213,99991231,1
Z3FXKhuzo_WsFVl46xU86363fLEnVttWFqLPyf92hI8uKUmS,Thørs Snorresson,1402,251,157,61.52,38,20221213,99991231,1
bJoYv3oxbkxKkFM2kSltAfydvlntb6mazaZuozsuRMmzE1l8,999DHVS,1007,522,475,52.36,39,20221213,99991231,1
ZGeHJxZ_PcSalhc_NTF6ROSQsxWGim40NswpLFE2qMnJYxE,Stormaxx,1317,285,207,57.93,40,20221213,99991231,1
mPnDL2EDrKignUyW5IQyVzAg_BRKFBm_Gny0zVrEp00JJicq,Sorya,1070,265,203,56.62,41,20221213,99991231,1
HbHfohAyJ8cnQZudIYlP6lPi-sE9ws94j0pxTBcV9S9NdSc,xKenzuke,973,557,491,53.15,42,20221213,99991231,1
NpMK9KyC8fM4pN46h0PSkmTBPzEOoIC8ZZJMPUGT3i-_XAll,Kalista,1392,243,146,62.47,43,20221213,99991231,1
AjgjjFQjEqpZVtwgXhu6AjftnEABvjFfBzehTVt5i_152utI,VELJA THE MENACE,1230,379,326,53.76,44,20221213,99991231,1
CTieBAt5mr5qBOltQxK_iDH7QkIxNejn7YDZBd6JC6nHlrI,Tαkumi Fujiwara,1000,481,414,53.74,45,20221213,99991231,1
LN2p0c84mcdkH3gRkchScgpPZUnWeD27iGsLfGTdE1p1DeM,CONAN VARVARINA,1071,268,196,57.76,46,20221213,99991231,1
_qnjL6BPh7LlcTINrH1IgSZxBqt4C4B2ARXXUPuaid3PEb2c,Maciej Zaremba,1017,281,211,57.11,47,20221213,99991231,1
BkHPl_wf8Ag_8OKNQ2yh9neNaJehd_1esFN_2fxGome-QiUG_dXjrBIj3g,DCN,1048,121,60,66.85,48,20221213,99991231,1
VRns4Hxv-O6UZvfvkUTONn1Rjp04qxlegHpbwiWZsuiq3n8R-JJYEflEEA,MazeRunner0xFF,997,366,304,54.63,49,20221213,99991231,1
1J33OlPLEero_IKfDJO0KCNDRoMZFu9W3Snmp9AA-zcTOkU,ED Xagog,990,210,147,58.82,50,20221213,99991231,1
sxkBSuWREDuMENJ4coIrU_IlX4y0M3O0muz68gVhBovKmFtk,G2 Princess Supp,1008,297,244,54.9,51,20221213,99991231,1
v5IInuuG7m4m0ZAaPUUWj6eEie6LRRSN2ryAdG1IlwIV_cmA,Built,1377,363,273,57.08,52,20221213,99991231,1
Bewadm4vTd0X0hspb-IE8pkSZC0i-g1djOMdHJ9HOt33c04f,Patrik22,1068,767,701,52.25,53,20221213,99991231,1
NWzMX8JlwaBYCwNR82teELIBUCif-2CFP7_IeQ9bnOm3AK76oaw6QiYKfw,Deft uwu,1080,193,165,53.91,54,20221213,99991231,1
G85TB84mNSOw4W1-Rz68nH-MG1Bu1hWc4JGvePda8lejxUh4EdCFl8ISJA,23021930219,1206,144,72,66.67,55,20221213,99991231,1
9saAmTjJkBZxc3LFWgu3o3tyapRsx2U-zL8o_wiZbcz4zJc,LVP SUPPKING,1124,835,758,52.42,56,20221213,99991231,1
NCXBaWtZIOtxXBPk9nvb_Wv70VpyPAAY3wRyEC4bBNzY6WixcaGbwcFGxw,FFDP,1118,285,224,55.99,57,20221213,99991231,1
kacl8pFT7rFbWTd1HzjCVrGkv5PZaFpMS8OQZEgvybYbXmk,Shαwn Frost,1058,436,377,53.63,58,20221213,99991231,1
zaU7_1gfe_hOn1XIzGfB-GCyQT1pgE-qV4JwiCyL8NZ0jrLz,Lekcycc,1045,276,215,56.21,59,20221213,99991231,1
r7JA2OHEPthz7dUwpajtJtadZTeMtVXX1hqpJskZf1blMIs,Mutant Grzegorz ,1008,199,170,53.93,60,20221213,99991231,1
oM05voap9or6nqpexJulUpT_N7IBztNA-KIW1iIDor613Me7,fKing Sinerias,1303,337,271,55.43,61,20221213,99991231,1
PqdXc7OiTWI4Cf0VZbD_z7iBspIzDek0A_0Roi03hivczRw,school phobia,1201,633,532,54.33,62,20221213,99991231,1
-RvnypRuloixD4d1jF8YeocZBgW4DJJnNpw5wO5-tLKB-wA,NATAQAQ,981,249,183,57.64,63,20221213,99991231,1
llBQf-tvOPQFZUUGFEfNu3rROorHhkG74fn-rXtEAzslwmQKuPtO9G00ZQ,courtesy câll,1080,206,151,57.7,64,20221213,99991231,1
xy1-23OO84YtZKOwtNwMPKf921p80qot21Hq9aerz3xAEJvTi0Z6OxglLA,Mαster Oogwαy,1038,395,354,52.74,65,20221213,99991231,1
PFlCxOTO2fQvgjJ28JocMvOohRZp8KVQ8YEm21kBfwfYsEmQ,IREIKlNG,978,229,140,62.06,66,20221213,99991231,1
xjRaLmT7w_Hs62YpQsu7rJ4L0XIzwN_pTGe8UlJYu6mDu-bZgEWRyAowgw,RaiderGO,1078,414,384,51.88,67,20221213,99991231,1
mPRnBxb6rCV0aKlCzlrX83ndWpDW8WooMTYE_Pahl65B1819RX426ES4Zw,Flying Colors,1261,370,268,57.99,68,20221213,99991231,1
99d3F_fEc1g11Ybt3WP70nOY5O55r2cOg6Y6HKLclIcMAko,Kaor1,1197,178,115,60.75,69,20221213,99991231,1
Ehgm5F-lD8m1HQoL7BMfd6IFT-ZS2YlxzTXKWry6vpSoLwY,Coatpustmain,997,856,796,51.82,70,20221213,99991231,1
CFJdi1KkYD427aMnqy7aa30ZPNC-Da-J-z93Eht9pP4duMI,pocovirtuoso,1212,950,825,53.52,71,20221213,99991231,1
3KQDbg2kDUGBKhDXCDqqlqYdFJwMGPx8wIpiSYhN8GM803E,MetroArcher,1225,751,681,52.44,72,20221213,99991231,1
2pEUH1fbRRALLYOb5gEpTeczzR9q7n5fI-6GEnmrjlhU5bU,B Ζ,1037,385,323,54.38,73,20221213,99991231,1
PiWdpvL3zJIB6HRA-2EfVN9wiLClVm3RTvdt3v5JMz_LdKwn,Voidfiller LFT,1288,166,122,57.64,74,20221213,99991231,1
uTEUbYkCUfwK-5kdCJlA91zzvRcaJqb1HYts7Lo4AB1OtcQ,Kirei sama,1084,465,402,53.63,75,20221213,99991231,1
kcE-m5KtsjLrAaAriprSzxsoo4FM1qBibyBKbKjFrcCgV24,Σ MORØSE,1125,1005,936,51.78,76,20221213,99991231,1
yuhuM2CIKOjBJCwNLMXfnYb_Dh7e3GWrBSNpaNIKB5uaLPSlww1sfwqWNA,tsuneo1,1018,99,77,56.25,77,20221213,99991231,1
Q29rdmSfiaC8uXmNCdjZ9P_okQi3UE20_du2FAzAmdfCoX_g,goodbye summer,1016,324,282,53.47,78,20221213,99991231,1
0_fB63_Xyx4cJY7Bcal2TBR4jtuRcPm2y6XcmwrnmB06fH-D881dlED9LA,10092022,1016,161,94,63.14,79,20221213,99991231,1
7mreYF5-cfq_YDyNZBoaF5uSs17ctNTAutAxTg5A22QN-ls,LiL TommyG,1175,745,665,52.84,80,20221213,99991231,1
iGVScE4pM9_kEcrSmWX73sxS5J3eUMUzFdSEcgUnnECEUYs,xFlavour4youGirl,1077,528,458,53.55,81,20221213,99991231,1
kjKoKE6gEYDurkSR1J8FNWyBzFoHxjo8CI1QA7Z7s1fcAXKAOvm2hSfwWw,Ryunoa Zoro,1063,358,297,54.66,82,20221213,99991231,1
G37pO5AIYrUq-PSMFHfdYP3vZF6HbXxLkiH0R546oovTeFw,nicki minaj lol,962,671,604,52.63,83,20221213,99991231,1
9Q27uaJaZgeJCDnmA6RKCJZA9Wf7QuU2S24MyKj7pl8x5OPGKmEKw9dmAw,dark thοughts,1019,728,671,52.04,84,20221213,99991231,1
CJVM2iRZID8QK9QdZP0_1oYk3D1FlTyzo9AOEzQ_o0DR5_U,EINS Pride,1092,237,206,53.5,85,20221213,99991231,1
66G-tD_JAuZKtPegiH62Vx91s3Af46TXIUXOkXtAf3735qoF,Jeyrus,1028,384,326,54.08,86,20221213,99991231,1
ZNk9Uk5gvw2WekUhH4MffVOjBaZCXrR8ZgP7MHDhndm9b_U,Boring cycle0,1005,1338,1284,51.03,87,20221213,99991231,1
-azJzL_SfAwhbVk143cUxDbmyi3pyAMO7u9keauWeeSaVFNvkf-ldpU36Q,zyb,1591,347,219,61.31,88,20221213,99991231,1
79-4yoNOrp_u32QkQMESohz0NplTn8XASWgABuRcCHjzEWg,Rozpier,1016,224,189,54.24,89,20221213,99991231,1
-QZb22gU9tRIiZsGdZ54MJEfQo62nRF7cGqIoqHjbs5dPWRV,SPKTRA,1440,400,318,55.71,90,20221213,99991231,1
sDkmbua2zpNzax6E8tDoQw5f6z6DH_zR4aixm7MFnd3cxMNK,Oblivion Blade,978,161,92,63.64,91,20221213,99991231,1
NgVUkk7Vn-IDRau3KTbEbxM4pNcr6DFPxpWCnO9BOdkclJ6d,twtv regn,973,486,416,53.88,92,20221213,99991231,1
UTliPTaKXhUCvWKGFfnLqg2AVv81i6rUPfDYXl28McxTDTA,Kenal,1117,575,501,53.44,93,20221213,99991231,1
wDo-VSqothr59Q38jNTGfjUCUYTUeJ1nMqICjWlCc0z_QW8,Mamacitaaaa,1003,379,310,55.01,94,20221213,99991231,1
Z_FaFXM9leN5iqXPAhQpTICjkGhmPmJvctFUE_oUU2H53P0,gunshotgun,1156,175,128,57.76,95,20221213,99991231,1
FXgIIctdnlRyzhU-7RmGNt-b_kamafJkckpYbQyNf07LSrFhutPme_e5Kw,TWITCHTV suki545,1006,128,58,68.82,96,20221213,99991231,1
h32LlGIpZux2unI-9FVlQHRtF3UTB42haWpkbs6-pfLXs38,TraYtoN,1036,561,499,52.92,97,20221213,99991231,1
2P9aMxhZ7qoiIeEB51hhXhBt_ALaKvKem5lMx5JezXio76bg,Morfariusss,1059,458,383,54.46,98,20221213,99991231,1
NsAXNtsWm5ChM24ECC54CMap2xuDLl6PwjzZfB_fLfb5R9I,Vertigo0,969,509,449,53.13,99,20221213,99991231,1
bGU5wZNWFfmCKUpMvhZ-hlb_HsfdpeWJNqgvZNwg9tUt-nM,Ryuin,992,221,159,58.16,100,20221213,99991231,1
9Dm1ubYYYDD7YavXPyTVdxyA4bWk0O9kyvMu9zcXInyS9iYlQgt5qR7Gqg,TwitchTv BROHAN,1110,470,388,54.78,101,20221213,99991231,1
55NAyvJS9KhDVrN3QqDhV4hFpaJPZWDoyp-0XSz8NEFf990W,twtv fiercefox15,1032,160,101,61.3,102,20221213,99991231,1
rDUgdwHRClDRroSJyRI1IrgfxfCKykGa19-RJKST61qrE15cHIF9xhcOVg,ottıe,1021,275,244,52.99,103,20221213,99991231,1
lK2mYbo41L7aebhQWgn3k9cgyxwXRnoJVOCThab4Lz79G2A,DizL1,995,338,279,54.78,104,20221213,99991231,1
ijqvAF7A-jEAivZjBpErPrJitLAXPZxQ6gFLgLpqZudNxm0,Sexelent,1006,919,856,51.77,105,20221213,99991231,1
5DmkDFXjj65xGmdIKRMrbkXP4N-y_h8thpgfmhmWpMaJjIQ5,marlοn,1107,325,270,54.62,106,20221213,99991231,1
zzZ6DYR8viT_dB5zvH6k9WWHW85ifMphg8XNtPifk3kbMqI,Scotty Valens,1002,654,598,52.24,107,20221213,99991231,1
GtIWPfdgI4zHhPWBT6bSZ_S9TpA_g8jPmWv8-lORosXf9a8,LEC ZYZZ,1399,303,247,55.09,108,20221213,99991231,1
mJ8qSe6n6kdhibw4tyiRAeVfi84rc6H_oXoFgF5dYxCZih3E,Jopa1,1039,551,489,52.98,109,20221213,99991231,1
FY3ZFn0_AoCrKR2Xp8ffQVW5qLn6ORe02IAMq2enVbZbmAI,Aítana Øcaña,1031,524,467,52.88,110,20221213,99991231,1
XinNPzdiMfwKSLIE1ptBmK6FSML6HSC0W4YH2JY3i9jNJTM,Kikis,1004,575,514,52.8,111,20221213,99991231,1
V0ThlkPshSt-eCjzioZxbhWlH_D2qqEBMWFabE5npCOrgmk,Kusa o Miko,1130,703,639,52.38,112,20221213,99991231,1
0PCFWZv7dBJRp4DjKpYQqpns_TMHO7FhXFRzS8ck5M1vPwU,Raiju Son Hak,1011,275,213,56.35,113,20221213,99991231,1
TFLwOxD3l9X8LKl1ZHBvoOKLnzLUtQ8xqvU0NqkEJXGXkXrLa3XBa4Llwg,MRFCPBMMDD,947,138,84,62.16,114,20221213,99991231,1
J9g4QDfrSY2TpYEXBWJqWcXHlqa-6w95ooYUEas8wxO7Z78,Playboi D4nKa,1048,295,232,55.98,115,20221213,99991231,1
3I4DDgLorTMjV6T54NWbl6HlIcInoI44kDuxx4yJXRpAwxE,DenSygeKamel69,1216,1890,1804,51.16,116,20221213,99991231,1
-VKPRWjxvRH0N57ImVCaineG8XelU6WVw5V4JGVJoHCtoKMuoLEU9h1V2w,Adam Smαsher,1011,192,123,60.95,117,20221213,99991231,1
askJNDQtU_PLUEfeDS2FS_cMhsvkox0mC3cz02IKMNr2PRY1,PokéMart,1012,354,292,54.8,118,20221213,99991231,1
jI7xDYmSnVp4c9MJ9A5jRhHhpe_2F7xwMiCBNiRo9ACDJbA,Dzu,1142,406,354,53.42,119,20221213,99991231,1
2nuNhB4AFmoVi4Z9Rbf0rL99HUdYmqQqD-PZqi5KxLNrwX5g,its never fair,1000,603,531,53.17,120,20221213,99991231,1
DE6wRc1VT9ttvC5ZAdGSbVLCWR7lB11Cqw-OwlhmjzXiLaU,SlNGED,1022,722,650,52.62,121,20221213,99991231,1
NNR-M4Us3dpTdTwokpb8kf7fUH6lhhiZ9dAXr3zn2CfT0-U,DRX BuZz,1136,166,129,56.27,122,20221213,99991231,1
1jwR5fYUJ90PjYJyZcyEG-RocrbZP2zkpo9lhIwrHbD3Zl8,DB Coοper,972,306,255,54.55,123,20221213,99991231,1
W-rZ_ctpAhYaV9i9hCMaWk_yMroyrEm56Es9jzWVRpCBsr4,Yoichi Išagi,1318,454,371,55.03,124,20221213,99991231,1
Tig5rj4THYXVu-zmEowaJjCkRvgAVm_UP1xl7_zOv7--06-_,FaithXD,1077,244,211,53.63,125,20221213,99991231,1
36neV9ld6DjAPfmghJQM_mu7AQkERM2CdLKai18q1oY5Aclk,xPetu,1002,130,73,64.04,126,20221213,99991231,1
tfCHGXZ5IGnjYmQtX1qrPesG7sF6o9kVCYhrd5t9HRWW97Yj,mersa777,1000,418,356,54.01,127,20221213,99991231,1
mODviBxP_Be8cXKFL3rhX6hqWFrNCN5skqxbs65kWwTjNdM,Envy Carry,1001,541,480,52.99,128,20221213,99991231,1
hWF0SC56FNcOKrtzGm4MiVWbgsah-oTxbbei_1BkaKlVwgA,ddgodV2,1054,231,184,55.66,129,20221213,99991231,1
z9VcuBDR387WT92wJxtr7nIa7s0vVT_2GdnnSXi4TTj4LwE,FLY toucouille,1165,300,228,56.82,130,20221213,99991231,1
NgHl2-Pj4lZFpVyXXruEDQTqXQEbYO0u0TK2JIhqOqmSyQsu,SWE131,1038,328,254,56.36,131,20221213,99991231,1
HX4mDEqoBj9TiZtlJDUQ1CQaxz-0IAT2VuQP1havhe-JzegjLbCM9_u7GA,KE Palacsinta,991,227,194,53.92,132,20221213,99991231,1
huoPsqNgp-qKTp5XAi3IkCnqDYhuHeA80FUywzMQgoH_0Y-b,TTV Regn,1148,433,360,54.6,133,20221213,99991231,1
dREfEmeGHsu_JOoPHHfpNozX3dTuKcVOY6fR78701_WZx5iw818KHvmQrw,wοkeupIikethis,1048,124,88,58.49,134,20221213,99991231,1
p6RW1-C-zVu8NVJB3NPVuWnJrbhFJjljbDtL1Ut_KrOzEZE,Furuy,1078,278,215,56.39,135,20221213,99991231,1
lLiyw2rw3MRloopPy2CVWsNiL9v67_lmQPHSQWeBjJR9JTM,echo22,1084,198,141,58.41,136,20221213,99991231,1
DpBrYS2H9h_LnjucpTrvQRli7arOiou4j099ExAhPwtJ4BNM,Foutriquet,1008,321,262,55.06,137,20221213,99991231,1
C_ZOY8x2XGewp3ZMexfpskWstAIqR05zsluJBDQK9F90Qfo,KilluaXL9z,1014,1009,949,51.53,138,20221213,99991231,1
-PPZ1ChrRHxMOclYnvhWdhyjDRD2rcRlvmhpuVXgln93eh4,Razørk Activoo,1519,415,313,57.01,139,20221213,99991231,1
a-jD9Kd5yoPmwnWvCwgn1p-8NO2y58rSiXCgXVPIaZAULok,she a bit loco,1063,322,259,55.42,140,20221213,99991231,1
_plzDJwwHOogbBvOfm6T_bjR-Cr5TgTvdbXpgHsTKjvmfj5b,Ttv Lathyrus,1355,256,175,59.4,141,20221213,99991231,1
tOplojG_pK7OjNz0Zvrj9rGii97eL0F9CfYrz2rQzi9xCh0,Selim Bradley  º,1037,465,418,52.66,142,20221213,99991231,1
W51KQPsmiZT1lG8S8BoRNGmr99qhkuDF1CzscYz3F-CqVhky,SWE141,987,237,206,53.5,143,20221213,99991231,1
v7gl7n3Byzww2Yik86WE7Zms8ajAWpHnH3rwAFjP8K_W8mLp,Maître kebabier2,968,604,538,52.89,144,20221213,99991231,1
ZxRZnvdjAz7o60LpvbyQ0TFoZkgM5Xvisojb2cN6xDQJcdQ,frescus,1002,543,481,53.03,145,20221213,99991231,1
sPBqkMUhbBHSkpqRPF9EFVbLC1hhhV8EkR8oTldG3AntCo_ip0DuFQbKGQ,TTV Poliko,1050,370,279,57.01,146,20221213,99991231,1
EfnIg8SCagAsNymBa1VjC_PBp8y449AqJiSZNoBHwPZp8aI,BiIly Butcher,1134,888,807,52.39,147,20221213,99991231,1
qHTsfd-yl34vVaHn4Ipq9RlfTjf3YYUk4hMyXJZkV8izYHU,ΒeryL,1028,474,401,54.17,148,20221213,99991231,1
APkpHZb1pm6exah64bfvnJ3Mtc3xOgjveI_GLo30x-rSlOOp,Yikeru,1194,336,274,55.08,149,20221213,99991231,1
WNtTjcbc7umezQHzjZt_YZXAKWqGMlUbXdJBdheI31NOVaY,eu top1,1019,439,381,53.54,150,20221213,99991231,1
_3Q1qq45hAN5hfNiqq4FITOnz_4bgOzdclZDIlpkMSvF-wZ5,Neekos Panties,1113,235,163,59.05,151,20221213,99991231,1
-XzYTB8axpwiH887kJV0AzC5fq-wqMkllrNa7Y9QrsVih1Y,Maynter,1247,459,374,55.1,152,20221213,99991231,1
IXamrlBR4Gtvga8lpk8Nn5G379j35CEwKKH-0_hdyH2yPok,HungryΡanda,1026,408,356,53.4,153,20221213,99991231,1
9cTMasqVAMwnq3PA5zo2V-SVN9o4nQwsu-twS6U7wPQgEqE,SUPPORT KlNG,1035,329,294,52.81,154,20221213,99991231,1
h_cj1YuezPSX7QFlNESPlD5Xjuviu38AiBeII5NMUhr5g8w,AST Finn,1100,774,706,52.3,155,20221213,99991231,1
FGX-FFrF9Fg_iTdd7kHIhbk-bIl33G8jAcJzBWfHnoYt2zke,wx PaoPaoPW,995,529,474,52.74,156,20221213,99991231,1
E6T8PIqmohV2ogrqa0rHq_FOQXz62madQhrtcEAC2bhTUAPF,RhiIech,1032,592,548,51.93,157,20221213,99991231,1
4iY2r774txvew3O7RPEn9X5pp1Q1gp3mc10B7HZg5svlyoE,ThePowerOfDevil,995,231,146,61.27,158,20221213,99991231,1
2WYa5ZHXQkkFZSUnThYxjTJ-2VWEjL2e1EYCBCmzxI-x39Q,LE CACA PARTOUT,1028,149,128,53.79,159,20221213,99991231,1
VkbDH6o8oSmwnGtndVftsyZBt9BuLAR5gmQAxd_OB6W7fTY,Saviour LFT,1107,427,357,54.46,160,20221213,99991231,1
JTKVDiGB5Z7_-HdBF2tS_cWjbmSlfJXKRPqe4Yix477pOYs,Aesenar,1019,699,641,52.16,161,20221213,99991231,1
NUVIa9NwQTBrBynP4DbKsH5M0GWt8Elj4uFQuALowjQASQTz,sheøqlf,1060,622,554,52.89,162,20221213,99991231,1
JAm2QEHbAhDcW-GV_bXHFlDlOvEnmJ0pndgXkT3oJUnDdqPD,pipey,988,238,181,56.8,163,20221213,99991231,1
6CxGD4TLZtH90kiJeJu2b-0xUJ1j2jBACZkbrpE-Sy2SQYudurios8sehQ,one sip please,1249,248,181,57.81,164,20221213,99991231,1
CgLxvVMXWrvlEoCv-VtUs-qqsPLtbg9Q8lDMI5Ad74D5Wrs,f3ed l0rd,1014,234,198,54.17,165,20221213,99991231,1
4m99yFoUmduad-eEAlUwb8T0nHRvNOkIjBemwLXXmebPvSfcR7tHfGGxtw,Pride0,973,256,202,55.9,166,20221213,99991231,1
YP2LG5hdgGtlTK7KP0ScFKJZ9P_GnA_f4miiEiOZnsM9NuIr,Angel ôf Death,1328,283,210,57.4,167,20221213,99991231,1
2RPsOApGxwqV5_ZMP0TdnRMIpVIuqFbRw1eElajNX3z9nNI,Quinncidence,989,415,355,53.9,168,20221213,99991231,1
Kisj1dxkqRtH3-2srkAwvRofy6fT2jsh5yu7gDpFsnmNz-CXT1c1t93Ykw,soloqghqst,998,270,221,54.99,169,20221213,99991231,1
d_LtNGngIKRawcczBORNdweXQ_3FxWtCsV_mZfd80sKW1vc,WD mozart,1063,799,725,52.43,170,20221213,99991231,1
zdfMNa16v-pGbIUwL2_vdeLup8hlH5F51T1PYwGK60BVO01q,Emerald Dragon,1219,161,102,61.22,171,20221213,99991231,1
BomdMyMuxubCcAcEwmceu9NZLg3D3aPnDz1hb_5Pc8A4A-w,Hεy lol,1264,362,291,55.44,172,20221213,99991231,1
Vxo5hSPgCf_UZ4XAxUwaHiRO5aufgptyvy4pvxoKSQCl7ks,FGG,997,620,561,52.5,173,20221213,99991231,1
nPHVT6NntJ6Ly4LGH5ANYgyjs4OuVejJr9jC4qfpOgB4N5yoroHFv2DC2A,FIeshy,1231,630,553,53.25,174,20221213,99991231,1
4MR7VZo_PtpE37gibm8phBY-mFJJVdcD-aheNop9ZU4ho50,Jagt,981,566,517,52.26,175,20221213,99991231,1
5rO6BXsoMxiOfV9qd30ZYuTRicBpPdYUl7MGxwuXIE29Y90J,Ox Caliste ,1000,566,503,52.95,176,20221213,99991231,1
bWh4xwKRrUh1ff5vfGHc-uTTOVRDn_A1eMSpvXWldGNpcaw,Deádly,994,445,393,53.1,177,20221213,99991231,1
RqlNrBLR287X3KBJ0dlvjssjpvz1zDr0Qin0DnlzGRtERQTn,Drututt,1122,322,260,55.33,178,20221213,99991231,1
cPB9Rr2c2kHGI0tjZC-2IyPibUMzL_38vGIErO1CuRITvYQ,WiIIyrex Fanboy,1074,485,427,53.18,179,20221213,99991231,1
3pkQyUaAWpdRYdRewcn5cTN_w5eXhZg0l4zaTQbH1ChrroM,Veignorem,1065,792,727,52.14,180,20221213,99991231,1
ANHzwBb1KbjFZiUfdYJPcb-zTAK7CPIepReiI62LaSwn_40,PaxNoKo,964,272,209,56.55,181,20221213,99991231,1
VEVFDX8ed4s5GQjoiTGbPdCcCFM91xIbtw7iFsre8n4OvX4,Lorlor,936,1140,1075,51.47,182,20221213,99991231,1
M2c1yA84TOBT5gd5QhX_O_pxXO4oVTGNGsTss7rqXNiyUIL3,Pelloquin,995,242,180,57.35,183,20221213,99991231,1
mYOHrkr4rPCJXwKRmdo4oO_P7REv1aESL70yycb1Z7lZdXc,IlIIllllIlIlIl,1035,491,430,53.31,184,20221213,99991231,1
zgO54bDSRXpDsZLU3jAW1QBNWTNwudr_CDTeM42frX3oqiw,Misanthiel,1005,573,508,53.01,185,20221213,99991231,1
VKiQxCKgNIhwYDBGIn3WDXwkOAHRVoK_pLDCXvddnfNTByZr,Ł354,1089,409,349,53.96,186,20221213,99991231,1
Qc7a5eBiLmCsDcrxF5zb9COn82_BKw1URJOaE5QC2ZfHm60,Peng04,1271,578,509,53.17,187,20221213,99991231,1
B3upv0bLv5DnDSxb6sAZxDhXA-uK84KiHp-0EP5GidODGaLY,LeBron The Xuy,1150,209,133,61.11,188,20221213,99991231,1
h_vedY__y24mc0bXT_BRHvAClWzk9CQIRd5BmxaPSDNmpMI,Tore den store,1101,376,316,54.34,189,20221213,99991231,1
ZIwxXc4QHAlSau5ZElAttx4F3ZTdmtgY3c5TturMqXpAvtA,elramir 2,1213,545,458,54.34,190,20221213,99991231,1
7P70wGDE48gVWT9LwSgD7FIU3EwfOtm-seIqkAHdI6qDHsW1,Ehrenstein,994,137,79,63.43,191,20221213,99991231,1
FLhPAy2bTB5BkGYFdN3KiRYhRRSsWzhqVGNoayj918UMUPU3,2023thief,1025,274,206,57.08,192,20221213,99991231,1
J3GeKshRumRyUVEmZCP46m19ILzRh_8hA7QjRWVYfWOLj5I,Disabled Chattt,1023,215,152,58.58,193,20221213,99991231,1
A606hXQk4RIoaIrmra3P57E7v_S0_x5Ag3dASFPcpjU-66RW,SLEYERCOOL,1119,1054,983,51.74,194,20221213,99991231,1
hO-CTF5ZUBRQ2cVb-OgHGEAg3WtWL1OaqEGZVkyB6OMr9w3GD_FtOimDoQ,SPOLFCEI,1159,979,902,52.05,195,20221213,99991231,1
eX4vnFMfHwf-TkhH5DUV61MSNG1FGSutlaCUT5sCpDi4LBtU,Mountain Wolf,1587,391,284,57.93,196,20221213,99991231,1
xGMqnilorD0_Y4CJaRYVaRlm1dHui9yh-TJkGstggKkfEhs,Seelame v1,981,382,322,54.26,197,20221213,99991231,1
QMDA8Ucknb7QwBS7hFxWXiTnBaefQA8h0jUesaapO-SrHfM,Kakan,996,689,629,52.28,198,20221213,99991231,1
0CFGAHTdHEkbaORSmKJyqtlCbpEIJ_q_FIrXTcKEmOgzitlDqKJTYjYUVQ,TwTv Scripter1v9,978,91,64,58.71,199,20221213,99991231,1
UiQpUJ4rSou-hZfX3BtZhJ1yoqA3TDc-Kd6qIY5iYoJD0a51,Cboi1,1071,231,167,58.04,200,20221213,99991231,1
Jpy3DKx-sI1d7qYjFGV9g8JnG19NwHQZoomYlNAfoUQrrl0,ismααα,1028,515,448,53.48,201,20221213,99991231,1
kYErf7Wei9kcgMhqcsaYvdyi4CfIooEQSgS99i_lFPPXVY7Jlv71dQaF3g,Giyuu zzz,1084,630,565,52.72,202,20221213,99991231,1
WPzHbdh0p5G5-07ir9Xr8BzpGz70rMdsZuP2w_xW6V-jZlfFrFBTV_gNOA,Buccellati,1009,104,53,66.24,203,20221213,99991231,1
pMaEq4wP66Op3VqXcy5eDniZ31nfW8b_7RX8aSp2R46QA6Az,T0R3,1062,173,138,55.63,204,20221213,99991231,1
Br9IOuOaBRO5XYxsrUOVmRHxan56-UahilvuaAF_OAZU2miH,call of power,1165,341,274,55.45,205,20221213,99991231,1
NFMHqOLRndG2H00iKTBx4RIKMddkAs5p0tO0noMnFmrPtS0,DRX ZeKaymin,982,325,272,54.44,206,20221213,99991231,1
pdt6SwDHCc7rtrwvp3uDJWAyxjNSdMucFi6fzUJtBRWSvWpu,BSC Coldraa,1241,231,156,59.69,207,20221213,99991231,1
BhJyabIhF7bGz2CWYC_aHGO7kKmpqQu8JtmCC1hJ-Amv_uPRDTgexlmQug,Wardstone Wadid,1000,184,124,59.74,208,20221213,99991231,1
DSFj32kap5d_paShxWLWtRjMAEeS8gLpMkIdJ69QPF6K-U8,REAL BC ,968,630,570,52.5,209,20221213,99991231,1
9qmSWbwBAiWXIKxEtFapbzWKhutAXJBs8zTkV_-lY00CHS8,markyyy,1049,516,455,53.14,210,20221213,99991231,1
Wt0OnvkWTcGc3vV4MyAFFOOku9JcZ0J-2L7fhzB70C14qTQ,ismaaa1,1222,325,255,56.03,211,20221213,99991231,1
ksYFAu1Ac4Qe6Pn5OCHn00qRdPHXeynU1pdxIakpO0yDEawn,Zaremba,1205,266,201,56.96,212,20221213,99991231,1
Jg2yyDvo6uAh352OytV94MPDNDZAJSbTPV9T3P0GMd72eBNKyjB9EOVtVg,V222,1068,340,273,55.46,213,20221213,99991231,1
XVVUBh8vduDw14NRS7-xGbb0O58v5W_8iUV7_AtiZ6Co0es,invicta23,961,841,779,51.91,214,20221213,99991231,1
xMk0xYXvSRgou7iPIE0CSEhC7Q6PWLIS3Y_smGYxjmg--8_O,esuba thale,1321,574,493,53.8,215,20221213,99991231,1
sy8OAKMHcCFaCybY_i-XM4yiryTuSaRH-1UsqjwlAA4wEGKF,ssimpli,1018,642,578,52.62,216,20221213,99991231,1
X4CeuW8jW2eCuoObRvNpz_6GQiBzW4F3L6a_OCxvFVEP3oI,sussy topIaner,1054,626,572,52.25,217,20221213,99991231,1
vH1fyOuQkv4GHPZKhN6J0NBBbOFaK6UIiR4BH2LBiOJXJv4zIQz2FoFLSA,ide na kórwy,1001,141,91,60.78,218,20221213,99991231,1
Ilax1VhsecaLBux0Hm3AcL8eVGJGspYhVb4Is0TQuBi4CJiu,be like mike23,1282,473,390,54.81,219,20221213,99991231,1
fkhXYGUnnfkjhWm4azyhdUuloolpRpsZ7-5_4qCa67nr0uUODtXEXm0X3w,small pp lunddy,1076,299,242,55.27,220,20221213,99991231,1
FM-9D296Dbhu8LXYJ6puwe50FAnjnXQfNd2pPTMYHzgOp3rb,Hans Saitama,965,151,88,63.18,221,20221213,99991231,1
Z9YVxmJ8QIMXGJy0bbz37lN8RPFaBJ4HgyBxGlvVZwrQJwyTmHIxw9hzOA,HOARAH LOUX Z,1190,392,321,54.98,222,20221213,99991231,1
nYAbSE79qocbGcAtkTdsrRitSDLxrr7iAS1-G2r5VvLDogo,Dragdar,1012,422,360,53.96,223,20221213,99991231,1
H_PHFPvfUenW316mNa6rfExUfK5cHXesukEk55wEFBz8-3E,TTV Potent213,1032,734,671,52.24,224,20221213,99991231,1
C6TaBBGldounzKx-GTNPYyrEI_PFVGyRKelkdVkqssIvk4Y,Focus1,1006,697,637,52.25,225,20221213,99991231,1
lWP7cZdyp_fAEeqGQPNAc0Ml7_YbAxK_LFtNirwutJr9qtjL,TwTv Kaos Angel,1030,375,301,55.47,226,20221213,99991231,1
bqen8__VsZg4bW4vtN3vlAKsEWp8hbnrKDKlegO-Nqicu1g,BlauBarschBube,1200,434,368,54.11,227,20221213,99991231,1
5fPyyjRgse3y1ZHUrQTDQ5lY9FLZqlIIIsZhL5WghVIFZ64,Odysseus131,1116,279,219,56.02,228,20221213,99991231,1
sH1ckziiZP1qRWkoje_xluK1rOPME1CjgnjKzXmSigSEyzg,Thumbs Down,1133,479,402,54.37,229,20221213,99991231,1
LUvSF_9VhkiU3tGY8T0SFFmNfldLukOhNsbWuOJ_13aCfkU,Crowno,974,795,725,52.3,230,20221213,99991231,1
VrkzqNE8oBpo7ZY8eXcoLfafAltwkNRD6i6s-FnX2pPHVMY,dejan1,975,549,480,53.35,231,20221213,99991231,1
k0hY5OoeOYUYfYL7jMO9zEyo_CAjBBKIQw1Qq3hd57xRBlM,Kobbe,980,327,281,53.78,232,20221213,99991231,1
5kDI_TZL85gk317RYXgJoRQQMdyxav921fR_J4QMLWyyu9w,abcdefghijklmnoz,1224,136,85,61.54,233,20221213,99991231,1
mNlj14BvMfJQut7bu4PvnEL3IebIOnQOT3oCNKGuEccTFTycrN7xuVfwOg,Sarub,1193,214,147,59.28,234,20221213,99991231,1
kSc05zMInJZYPUrQwzE4-jwsM5jCjXNM_nr8zqA0INlowzHn,hayna,999,299,245,54.96,235,20221213,99991231,1
Dzd772vg3HlN8GwpBxqX_H2zN2R7jwbKkGsKq15UnJQjSSA,651818520,972,140,81,63.35,236,20221213,99991231,1
aXwoVGKkMKptoTN5xKZSLBKFEqfyXwUXA_NWVY5JwPgxpVA,Nice Guy Ben,996,468,407,53.49,237,20221213,99991231,1
eQoCVt1a4m6NstwMeIetBVidtRL6XxMB6_D_zrYP5teAQmrs,elegancko,1026,634,577,52.35,238,20221213,99991231,1
xjxXrRQIww79aQ9oxkHKqI1r7dmEC5hFCOqzmjfV3s1TFic,olaksfhijdf,1160,612,543,52.99,239,20221213,99991231,1
BTNgO1fXSU_QLyzgjgvFoptZyGxOFp-QgI0gxU2NtE1bnT0,Keduii R1,1052,986,912,51.95,240,20221213,99991231,1
urBw2QWb5YRyKd2YCqydfdN1089d15aHCBugyqBNELCkp54,Tazaku,1019,263,210,55.6,241,20221213,99991231,1
Xt3V74RmHketagvtBJaGMOCNAg6gboofvMQpWAMtftFWUWk,Engage,1128,478,416,53.47,242,20221213,99991231,1
wF6WJy3Plg2beOe1sqbL937Gi4ML2JY2xIqVihcf8eclfD4,septico1,972,577,517,52.74,243,20221213,99991231,1
mdhKjYuDXY39vaUEhFlAus3yj-qa8nCyfNOn9VswIMD-8c0,FUN k3y,1241,415,336,55.26,244,20221213,99991231,1
xtf4jSBKPTOnqLFOlQILCdmi8JmHvEsIxEfGCdgDsC2Bkoo,Calmsky,1013,321,263,54.97,245,20221213,99991231,1
ZEVJ6xlLHRe_0mdvf7GCf-vsdAn0i8YrOxedagni7VaLPbajNZGY1jJ5ig,LeFrèreDuCrous,1008,751,683,52.37,246,20221213,99991231,1
u1gn8dZpkO-Z-9FQ59D77KwjQ_yy7lzzvVd3a3eXUx7inalA,Annie IRL,1066,521,472,52.47,247,20221213,99991231,1
pi8ykudHHW4NklHGYHv6MNESkwtR2WbTwnrdxD9GjfX7xdj5,Ghosting Gary,1065,447,385,53.73,248,20221213,99991231,1
26t5IHpAtpabTDAaIMKqlRTRBqlOI3v-05K66cXnz_9ftj3JI4Z-fLJs4Q,eIramir,1057,821,758,51.99,249,20221213,99991231,1
HtnwUPF0STKijvEfUt-PJXSqVptlfrfp3VbHpOPMeOewK9s,Practice,1063,295,234,55.77,250,20221213,99991231,1
L3ltQvG2RjE5ksnqexpR9FFZVDGr28_o34yRhqDtgfPr0bAtHLY_MYaBMQ,TWTV CHAKlBXD,1055,110,57,65.87,251,20221213,99991231,1
YdTJWbOA3rBtqdmZ4i5g_ZohzXjB5i9j8DIWXEVe4A5lZh02,Shinomiya Kaguya,1057,727,668,52.11,252,20221213,99991231,1
_61ITkEJTI0tQdtWum-DoJ0WT_gh2S09621TXgMXduT6dKk,Bollito de Cacao,1061,1001,924,52.0,253,20221213,99991231,1
I7u0xGTNK4dKGk3RJuIwx7fZaNFu-RI8ybKG659qk3Xb61U,ΜagiFelix5,1123,291,223,56.61,254,20221213,99991231,1
z-jy5YFpy9KVM9BUGNvs6R9rGkuqV9wFcCSjjKg1SN3av1g,Neramin1,1080,447,371,54.65,255,20221213,99991231,1
Epr5OdU3YMUwu2kZS-Nmwl6TUoLRoWTBUN211geJtdy5IRxC,XixauxasGrandson,1003,119,46,72.12,256,20221213,99991231,1
aFIC9fEUknSAciQYTT5jeiToasxJAJi6wWXuvydB1MJQkuo,TakeSet sama,1204,444,376,54.15,257,20221213,99991231,1
vSvjpxyyeLaVmg_gVzA69CZFU_clGaNvNrYQ4ssMyGkPi7k,TempUser,1069,568,480,54.2,258,20221213,99991231,1
Kh40OxemGWoPlD5j_kspiecgrZemUnHSzKYZ8E63tYpqBWn8,AloisNL,1181,419,352,54.35,259,20221213,99991231,1
fUBVV-M5CWsoB8MrbE4IUT5sXmnfgjpK5O6AJ_imLqO0vTc,SPKTR,999,170,122,58.22,260,20221213,99991231,1
cUPmY88LJiullBQGaEyuAt3Zt3zeaOgLrZtbbpZMjYt4geuoO5Wqc27xjA,Badlulu00,1007,787,733,51.78,261,20221213,99991231,1
eP8MpvT7poby1WzOyb65D4_8dfUeJiGzyILoe7CKGdqVMZrIgq3r1f1-QQ,Rαfikowy666,1027,249,197,55.83,262,20221213,99991231,1
eJVu_BSkyHfJkrY3Qz_MMOrTwBtTd4s-Nr5XmnHjCTjpKPmo,LFT MID,977,619,550,52.95,263,20221213,99991231,1
bttMpcQYT9wF3mbp1VwiPXmROGzPctweTrJsrpcWnQ1-VFhA,Bigby WoIf,1004,624,555,52.93,264,20221213,99991231,1
OdGFM51rFhskPipHRRxNwN4vGQJDPKA_hJAhxbdLZlU-GqU,azerty1,986,440,380,53.66,265,20221213,99991231,1
sNQLl-oDAxnLI_jntBGPsY0FNSiPsOOKrXZqxaZuruNBWrQ,supaaaaaaaaaaaaa,1087,821,746,52.39,266,20221213,99991231,1
y13LAXh-Z5cO_EiB8vRr4KiqPN1k38XdlwPNZExe6FVCQuxaJKo6nADEUQ,Skeanz,1154,910,832,52.24,267,20221213,99991231,1
gZmSOaAR-yyaEJBncv9J-L4MQ-2rBkuz9Vu329ZsyEnXyL8,ayekasia,1077,292,222,56.81,268,20221213,99991231,1
N0VCCdcpF1cMDlo18OPJG4oEXKq5xv-qeQIzO8uVqeQiIZ8,Targamas,1252,534,460,53.72,269,20221213,99991231,1
BaCgnHz5Zl4nka6vOjkF2fxf8A4XMyt4kqLUCmZ7bGH-bVA,WindLoL,1001,466,413,53.01,270,20221213,99991231,1
fmr83doD5nJVUcGimqo3_BqHb4KbSdrVdSWLB_5lHTWOocw,Rabble Arouser,1404,210,138,60.34,271,20221213,99991231,1
7NCqwhZqWoPZHEkKXoUNkelNWGR4_Pl8416T9SzaLdf_RNo,OnlySpain,1305,324,247,56.74,272,20221213,99991231,1
Pv8a5LCDQHG3KTOHBRmPtHZ9tZE8izdbBtN4Kv-q36VHJoM,Kieran Tierney,1207,231,156,59.69,273,20221213,99991231,1
AOCN2CE0YAf-TmAIcGcU86uB7bxU9lg1qjSlqr730wclLrsgqGtAKtU6hQ,AØH,1005,357,301,54.26,274,20221213,99991231,1
N5MZZbi7Ea11E6_oaXJ6wx_ko0zK262cqTgTBIedAyDu71A,Szygenda,1333,201,126,61.47,275,20221213,99991231,1
fwpHbUX6p0hmVswRSHUc-s2-bN7e2PMHiIhk4vZs4ZdIug-Y3JX2E03zog,DEMONHUMAN,1362,325,248,56.72,276,20221213,99991231,1
NdBEG_VkzEm7DIokOfiry3BlfnfU1vmQ0ArJGszkM9dwc8u89GVfMJe_pA,Retnyam,1203,334,262,56.04,277,20221213,99991231,1
z9s9SMdlMz5qt751niaMqZWt8J9G_jRwTTSqKepiz9KP4Whg,MywTheKebabier,977,571,436,56.7,278,20221213,99991231,1
Pty_YkEZY2EXGkewyAaDJdX-aBhD2QdbnTTVVIkWBSrrd_Q,Mr Tickle,1313,371,285,56.55,279,20221213,99991231,1
mU0rl28F_6L3BS6vyW8_3RGrEBxCiYop-d7jY3Sk555cxTE,Happy Alexx,1115,951,890,51.66,280,20221213,99991231,1
TnPwHGs6sE5JpPOWJPh_DvOGMirvA3N3xisZLwv6kzw9O90,buff tοp,1080,304,226,57.36,281,20221213,99991231,1
mPGnAEI7Wjo2ARSmezLusGPlBps4YkF0vEdAZ-q3Efx8a6c,Rayito,1155,298,233,56.12,282,20221213,99991231,1
muUJA67WaOSs9-lcxTahqTix8_Qv-b1zKLx3V8s5ipK_tuY,Afrogirl,1022,424,371,53.33,283,20221213,99991231,1
0wqW-6604gFCW5pJBpOq6o9R3ezCytHYwCfuHuPDyWftI9E,Agurin,1695,662,558,54.26,284,20221213,99991231,1
ENfVCHjSKLzYXQyPpHuIvH-BpZOEwt2FRQ-Lg928SBvzuQc,HenryEtooMessi,1284,332,249,57.14,285,20221213,99991231,1
7HLLYL25P4ELCIlgAqqI68HStfCj0HhqbRgafUXzeOeJNZO8EdGktllZzA,SHERNFlRE,1174,684,611,52.82,286,20221213,99991231,1
sft4c-fkmdJc6GeePNeGk23iymWyS53l5LCdZuKqzmHkbQw,DIV Luke,974,258,185,58.24,287,20221213,99991231,1
Pt7KhQbLNwwQ4ahSMhuBQaiOI1hgd9r06Rx-b1VmBKn6tH-B,USE Reptile,976,264,232,53.23,288,20221213,99991231,1
Y_fR1RCWNaAOsU_6DQgcntN8uB_We6iWVKpXqN60fc_s3I7CDy92mq4kMg,Molnigt,981,266,189,58.46,289,20221213,99991231,1
Afj-N6EbQwK5PsnFtb4shzc6hUFUehRftyVCpeUfoSFCi5o,Porsche Kaymin S,1076,342,278,55.16,290,20221213,99991231,1
E5YrFE9QWm9ShF6xRuCxpXx3QAAaR9htthHye-9SPFqudMM,Jαvier,1080,597,530,52.97,291,20221213,99991231,1
H0E6CXjjcknu1AwIE2rs_t-M982tMY3siglvZ90Wvzy0Lng,Infoneral,963,457,393,53.76,292,20221213,99991231,1
yDIN1B7eGgU3EKVKsBEkUlSIugh5kWbBw4fsOVeqsPGZI_yJfjLdkGfIag,Ràion,1145,262,232,53.04,293,20221213,99991231,1
mBWdiSRKvhJU3M45BZuYZkqPtjlk1faq6MNoQypfPdyisVQ,Nash2,1064,384,322,54.39,294,20221213,99991231,1
6bqAFKtAXKxCmXiyCkKUxnqsajsbn073DYCw_DH3rc-SaOg,MagiFelix5,1408,1192,1042,53.36,295,20221213,99991231,1
Of6_7PgO4x2JqKMGMUK2t5Xr3q-kQZNEqgs96_5MkE9Wiglxr5pKBuCrjQ,LP750 4 SV,995,186,123,60.19,296,20221213,99991231,1
XM-A-z5Vwm7NXj3HcK1lzgpGKUtwEcTuGCMn1MaoyUhfGBlr,Fatihcan,1006,752,703,51.68,297,20221213,99991231,1
nPrLT0S3LNZOEhZRqNlopbef7fZmwPGXR1pX65uID2pAjFU,indoor fish,1036,479,422,53.16,298,20221213,99991231,1
XZyqFfyDNwzsyCdyviwJntbhmWqr3vVA5-tcVN8iYXobfW-wCZZXAFz1zw,cxzkdasjdqwoiea,1163,155,114,57.62,299,20221213,99991231,1
